"Player","Team","Positions","PTS","REB","AST","BLK","STL","FG%","FT%","3PM","TO","GP","MIN","FTM","2PM","A/TO","PF"
"Luka Doncic","DAL","PG DTD","2,370","646","686","38","99",".487",".786","284","282","70","2,624","478","520","2.43","149"
"Shai Gilgeous-Alexander","OKC","PG,SG","2,254","415","465","67","150",".535",".874","95","162","75","2,553","567","701","2.87","184"
"Giannis Antetokounmpo","MIL","PF,C DTD","2,222","841","476","79","87",".611",".657","34","250","73","2,567","514","803","1.90","210"
"Jalen Brunson","NYK","PG,SG DTD","2,212","278","519","13","70",".479",".847","211","186","77","2,726","421","579","2.79","144"
"Nikola Jokic","DEN","C DTD","2,085","976","708","68","108",".583",".817","83","237","79","2,737","358","739","2.99","194"
"Anthony Edwards","MIN","SG,SF","2,049","430","405","42","101",".461",".836","190","241","79","2,770","423","528","1.68","141"
"Kevin Durant","PHO","SF,PF","2,032","495","378","91","69",".523",".856","168","244","75","2,791","362","583","1.55","133"
"Jayson Tatum","BOS","SF,PF","1,987","601","364","43","75",".471",".833","229","188","74","2,645","414","443","1.94","145"
"De'Aaron Fox","SAC","PG","1,966","340","418","31","150",".465",".738","214","194","74","2,659","312","506","2.15","193"
"Stephen Curry","GSW","PG,SG","1,956","330","379","28","54",".450",".923","357","210","74","2,421","299","293","1.80","117"
"DeMar DeRozan","CHI","PF,SF,SG DTD","1,897","340","421","45","90",".480",".853","75","135","79","2,989","522","575","3.12","161"
"Anthony Davis","LAL","PF,C DTD","1,876","961","266","178","91",".556",".816","29","159","76","2,700","421","684","1.67","177"
"Devin Booker","PHO","PG,SF,SG","1,841","308","472","28","61",".492",".886","152","178","68","2,447","405","490","2.65","206"
"LeBron James","LAL","PF,SF DTD","1,822","518","589","38","89",".540",".750","149","245","71","2,504","303","536","2.40","78"
"Tyrese Maxey","PHI","PG,SG","1,816","258","433","33","69",".450",".868","212","116","70","2,626","328","426","3.73","151"
"Paolo Banchero","ORL","PF,SF","1,804","554","431","47","71",".455",".725","119","247","80","2,799","405","521","1.74","153"
"Damian Lillard","MIL","PG","1,775","320","508","18","72",".424",".920","220","193","73","2,579","473","321","2.63","134"
"Dejounte Murray","ATL","PG,SG","1,753","416","502","24","111",".459",".794","201","201","78","2,783","208","471","2.50","138"
"Pascal Siakam","IND","PF,C","1,737","565","342","25","63",".536",".732","85","141","80","2,658","290","596","2.43","193"
"Paul George","LAC","SF,PF,SG","1,671","388","262","37","113",".471",".907","243","153","74","2,502","264","339","1.71","202"
"Kawhi Leonard","LAC","PF,SF,SG DTD","1,613","416","244","59","111",".525",".885","140","119","68","2,330","253","470","2.05","97"
"Jaylen Brown","BOS","SG,SF","1,610","387","249","37","83",".499",".703","145","166","70","2,343","211","482","1.50","185"
"Jalen Green","HOU","PG,SG","1,610","423","291","28","66",".423",".804","201","191","82","2,602","283","362","1.52","115"
"Mikal Bridges","BKN","PF,SF,SG","1,606","372","299","30","81",".436",".814","220","164","82","2,854","258","344","1.82","116"
"Zion Williamson","NOR","C,PF OUT","1,601","406","352","47","77",".570",".702","6","193","70","2,207","347","618","1.82","159"
"Domantas Sabonis","SAC","PF,C","1,593","1,120","673","48","74",".594",".704","33","272","82","2,928","292","601","2.47","250"
"Kyle Kuzma","WAS","SF,PF DTD","1,553","465","296","49","37",".463",".775","151","192","70","2,281","186","457","1.54","153"
"Victor Wembanyama","SAS","C,PF","1,522","755","274","254","88",".465",".796","128","260","71","2,106","292","423","1.05","153"
"Coby White","CHI","PG,SG DTD","1,509","358","405","18","53",".448",".839","209","166","79","2,881","218","332","2.44","186"
"Kyrie Irving","DAL","PG,SG","1,487","290","299","28","74",".497",".905","173","106","58","2,030","190","389","2.82","112"
"Jaren Jackson Jr.","MEM","PF,C","1,486","365","154","106","80",".444",".808","117","160","66","2,124","337","399","0.96","235"
"Cam Thomas","BKN","SF,SG","1,482","214","192","16","45",".442",".856","144","124","66","2,075","286","382","1.55","138"
"Donovan Mitchell","CLE","PG,SG DTD","1,463","280","333","30","101",".462",".865","182","154","55","1,943","275","321","2.16","118"
"Collin Sexton","UTH","PG,SG","1,458","205","383","18","62",".488",".860","128","165","78","2,075","318","378","2.32","154"
"Miles Bridges","CHA","SF,PF","1,449","505","231","33","65",".462",".825","157","138","69","2,581","174","402","1.67","118"
"Franz Wagner","ORL","PF,SF,SG DTD","1,421","381","269","28","76",".481",".850","94","137","72","2,337","271","434","1.96","168"
"Cade Cunningham","DET","PG,SG DTD","1,405","268","464","22","56",".449",".869","119","212","62","2,074","238","405","2.19","153"
"Tyrese Haliburton","IND","PG,SG DTD","1,389","271","752","48","83",".477",".855","195","159","69","2,224","194","305","4.73","75"
"Trae Young","ATL","PG","1,389","149","583","11","72",".430",".855","175","235","54","1,942","348","258","2.48","109"
"Klay Thompson","GSW","SG,SF DTD","1,375","254","176","35","50",".433",".927","268","117","77","2,284","127","222","1.50","127"
"Nikola Vucevic","CHI","C","1,370","801","254","60","50",".484",".822","92","120","76","2,610","106","494","2.12","190"
"D'Angelo Russell","LAL","PG,SG","1,369","236","482","36","69",".456",".828","226","156","76","2,484","159","266","3.09","156"
"Bam Adebayo","MIA","C DTD","1,367","737","278","66","81",".521",".755","15","162","71","2,416","292","515","1.72","159"
"Chet Holmgren","OKC","C,PF","1,357","648","200","190","53",".530",".793","129","131","82","2,413","218","376","1.53","197"
"Michael Porter Jr.","DEN","PF,SF DTD","1,356","565","122","53","42",".484",".836","220","92","81","2,565","92","302","1.33","148"
"Jordan Poole","WAS","PG,SG","1,356","212","343","25","86",".413",".877","184","188","78","2,346","192","306","1.82","244"
"Jalen Williams","OKC","PF,SF,SG DTD","1,355","282","322","45","80",".540",".815","103","123","71","2,223","180","433","2.62","175"
"Joel Embiid","PHI","C DTD","1,353","430","219","66","46",".529",".883","54","150","39","1,309","399","396","1.46","112"
"Karl-Anthony Towns","MIN","C,PF","1,349","515","189","41","43",".504",".873","136","177","62","2,026","255","343","1.07","204"
"Bogdan Bogdanovic","ATL","PF,SF,SG","1,333","272","247","26","96",".428",".921","240","112","79","2,401","151","231","2.21","179"
"Brandon Ingram","NOR","PF,SF,SG","1,332","324","363","40","50",".492",".801","86","163","64","2,103","246","414","2.23","145"
"Alperen Sengun","HOU","C OUT","1,331","589","312","46","76",".537",".693","33","162","63","2,046","244","494","1.93","211"
"Devin Vassell","SAS","SG,SF OUT","1,323","261","277","23","73",".472",".801","166","108","68","2,248","161","332","2.56","74"
"CJ McCollum","NOR","PG,SG","1,322","286","305","41","62",".459",".827","239","110","66","2,159","115","245","2.77","126"
"Myles Turner","IND","C","1,313","533","100","144","39",".524",".773","116","109","77","2,076","245","360","0.92","232"
"Austin Reaves","LAL","PG,SF,SG","1,300","352","450","25","66",".486",".853","154","174","82","2,629","232","303","2.59","153"
"Brandon Miller","CHA","SF,SG","1,279","315","175","42","66",".440",".827","184","132","74","2,383","143","292","1.33","184"
"Lauri Markkanen","UTH","PF,SF DTD","1,278","449","110","26","50",".480",".899","175","77","55","1,820","249","252","1.43","100"
"Jarrett Allen","CLE","C DTD","1,271","811","210","81","53",".634",".742","0","121","77","2,442","233","519","1.74","147"
"Fred VanVleet","HOU","PG","1,270","278","589","59","101",".416",".860","227","126","73","2,684","197","196","4.67","183"
"Donte DiVincenzo","NYK","SF,SG","1,259","297","216","36","107",".443",".754","283","113","81","2,360","86","162","1.91","166"
"Jamal Murray","DEN","PG,SG DTD","1,250","242","384","39","57",".481",".853","145","125","59","1,861","157","329","3.07","104"
"Jimmy Butler","MIA","PF,SF","1,246","318","298","17","79",".499",".858","60","102","60","2,042","394","336","2.92","68"
"Terry Rozier","MIA","PG,SG DTD","1,205","247","342","21","63",".443",".869","149","106","61","2,040","172","293","3.23","101"
"Tobias Harris","PHI","SF,PF","1,204","453","217","46","70",".487",".878","91","93","70","2,368","187","372","2.33","115"
"James Harden","LAC","PG,SG DTD","1,192","369","614","57","77",".428",".878","186","185","72","2,470","302","166","3.32","127"
"Scottie Barnes","TOR","PF,SF,SG","1,191","494","363","88","75",".475",".781","101","165","60","2,094","196","346","2.20","118"
"Jonathan Kuminga","GSW","PF","1,188","355","163","36","55",".529",".746","53","122","74","1,949","223","403","1.34","169"
"Jaden Ivey","DET","PG,SG","1,185","264","296","41","57",".429",".749","124","190","77","2,217","227","293","1.56","204"
"Keegan Murray","SAC","PF,SF DTD","1,172","420","129","59","79",".454",".831","183","64","77","2,588","103","260","2.02","205"
"RJ Barrett","TOR","SG,SF OUT","1,170","315","193","22","31",".496",".715","90","126","58","1,838","208","346","1.53","129"
"Immanuel Quickley","TOR","PG,SG","1,156","259","331","10","50",".434",".853","171","101","68","1,985","209","217","3.28","119"
"Kristaps Porzingis","BOS","PF,C DTD","1,145","409","115","111","42",".516",".858","110","89","57","1,690","259","278","1.29","156"
"Tim Hardaway Jr.","DAL","SG,SF","1,139","254","139","6","42",".402",".852","211","69","79","2,120","144","181","2.01","106"
"Jerami Grant","POR","PF,SF OUT","1,132","191","152","34","45",".451",".817","111","116","55","1,830","255","272","1.31","117"
"Bobby Portis Jr.","MIL","PF,C DTD","1,130","607","104","34","68",".508",".790","100","91","82","2,008","98","366","1.14","189"
"Dennis Schroder","BKN","PG OUT","1,122","242","488","17","63",".435",".836","138","153","80","2,486","178","265","3.19","164"
"Malik Monk","SAC","SF,SG","1,110","212","370","39","45",".443",".829","148","150","72","1,872","170","248","2.47","156"
"Derrick White","BOS","PG,SG","1,107","310","377","87","74",".461",".901","196","112","73","2,381","137","191","3.37","152"
"Julius Randle","NYK","PF OUT","1,102","423","229","12","25",".473",".782","76","159","46","1,630","236","319","1.44","125"
"Deni Avdija","WAS","PF,SF DTD","1,102","540","286","36","60",".506",".740","88","160","75","2,257","202","318","1.79","185"
"Naz Reid","MIN","C,PF","1,090","423","106","73","63",".477",".737","169","111","81","1,964","109","237","0.96","172"
"Keldon Johnson","SAS","PF,SF,SG DTD","1,084","377","195","20","51",".454",".792","127","100","69","2,038","175","264","1.95","149"
"Corey Kispert","WAS","SG,SF","1,070","225","156","16","41",".486",".726","184","98","80","2,067","114","202","1.59","141"
"Rudy Gobert","MIN","C","1,061","981","102","162","52",".662",".639","0","118","76","2,593","249","406","0.86","238"
"Norman Powell","LAC","SG,SF DTD","1,056","195","83","22","43",".486",".831","167","66","76","1,990","143","206","1.26","137"
"Kelly Oubre Jr.","PHI","PF,SF,SG","1,049","341","101","47","77",".441",".750","101","87","68","2,055","174","286","1.16","194"
"Jabari Smith Jr.","HOU","C,PF","1,044","616","121","61","52",".454",".811","138","89","76","2,424","150","240","1.36","200"
"Anfernee Simons","POR","PG,SG DTD","1,039","167","255","5","23",".430",".916","156","126","46","1,582","163","204","2.02","98"
"Darius Garland","CLE","PG DTD","1,028","152","373","7","74",".446",".834","132","176","57","1,901","146","243","2.12","95"
"John Collins","UTH","C,PF","1,027","575","77","61","40",".532",".795","86","98","68","1,901","147","311","0.79","191"
"Grayson Allen","PHO","SG,SF","1,014","295","227","45","69",".499",".878","205","95","75","2,513","129","135","2.39","157"
"Aaron Gordon","DEN","PF DTD","1,013","471","259","45","56",".556",".658","40","105","73","2,297","177","358","2.47","142"
"Buddy Hield","PHI","SG,SF","1,013","269","236","42","70",".437",".881","219","103","84","2,160","52","152","2.29","169"
"Jonas Valanciunas","NOR","C","1,002","721","173","68","32",".559",".785","37","111","82","1,925","161","365","1.56","218"
"Harrison Barnes","SAC","SF,PF","1,000","249","99","12","54",".474",".801","149","58","82","2,381","157","198","1.71","98"
"Desmond Bane","MEM","SF,SG","997","185","230","22","43",".464",".870","137","112","42","1,443","140","223","2.05","120"
"Brook Lopez","MIL","C DTD","990","409","127","188","43",".485",".821","148","79","79","2,411","110","218","1.61","191"
"Josh Giddey","OKC","PF,PG,SF,SG","986","514","386","44","51",".475",".807","82","168","80","2,012","100","320","2.30","111"
"Gary Trent Jr.","TOR","PG,SG DTD","974","188","119","10","77",".426",".771","178","47","71","1,994","74","183","2.53","96"
"Keyonte George","UTH","PG,SG","974","211","332","7","36",".391",".848","147","188","75","2,023","189","172","1.77","91"
"Bradley Beal","PHO","PG,SG","964","232","265","27","52",".513",".813","101","131","53","1,767","109","276","2.02","127"
"Caris LeVert","CLE","SG,SF","952","280","346","34","76",".421",".766","108","117","68","1,958","154","237","2.96","121"
"Jalen Suggs","ORL","PG,SG","943","229","205","47","106",".471",".756","153","132","75","2,025","118","183","1.55","205"
"Jordan Clarkson","UTH","PG,SG OUT","942","188","277","6","35",".413",".881","91","146","55","1,682","177","246","1.90","81"
"Andrew Wiggins","GSW","PF,SF","939","321","119","41","42",".453",".751","91","87","71","1,920","142","262","1.37","147"
"P.J. Washington Jr.","DAL","C,PF","939","411","141","59","72",".437",".683","132","96","73","2,221","99","222","1.47","169"
"Cole Anthony","ORL","PG","937","311","236","37","64",".435",".826","93","126","81","1,817","180","239","1.87","175"
"Ayo Dosunmu","CHI","PG,SF,SG DTD","924","216","242","36","68",".501",".810","119","103","76","2,212","85","241","2.35","166"
"Rui Hachimura","LAL","SF,PF","923","294","81","25","41",".537",".739","98","46","68","1,826","99","265","1.76","101"
"Deandre Ayton","POR","C","920","609","90","42","56",".570",".823","1","99","55","1,784","65","426","0.91","109"
"Dillon Brooks","HOU","SG,SF","915","246","119","10","64",".428",".844","133","88","72","2,227","124","196","1.35","241"
"Jalen Johnson","ATL","PF,SF","896","488","203","47","67",".511",".728","71","101","56","1,889","107","288","2.01","133"
"De'Andre Hunter","ATL","SF,PF","891","222","87","16","40",".459",".847","117","83","57","1,681","166","187","1.05","146"
"Jaime Jaquez Jr.","MIA","SF,SG","889","285","195","20","77",".489",".811","65","110","75","2,113","142","276","1.77","167"
"Malik Beasley","MIL","SF,SG","889","290","108","9","59",".443",".714","224","54","79","2,337","25","96","2.00","158"
"Aaron Nesmith","IND","PF,SF","877","275","108","49","65",".496",".781","140","64","72","1,995","107","175","1.69","241"
"Tyler Herro","MIA","PG,SG DTD","875","222","188","3","30",".441",".856","132","93","42","1,407","95","192","2.02","63"
"Duncan Robinson","MIA","SF,SG DTD","875","173","192","16","46",".450",".889","187","95","68","1,905","80","117","2.02","163"
"Mike Conley","MIN","PG","869","218","449","17","88",".457",".911","179","102","76","2,193","102","115","4.40","128"
"Moritz Wagner","ORL","PF,C","868","348","96","21","39",".603",".814","38","97","80","1,415","166","294","0.99","160"
"Bojan Bogdanovic","NYK","PF,SF,SG OUT","868","152","97","5","30",".454",".785","133","101","57","1,478","117","176","0.96","95"
"Scoot Henderson","POR","PG","868","194","336","13","48",".385",".819","87","212","62","1,765","167","220","1.58","195"
"Saddiq Bey","ATL","PF,SF OUT","863","411","92","11","51",".416",".837","113","54","63","2,062","170","177","1.70","88"
"Jeremy Sochan","SAS","PF,PG OUT","861","476","249","40","62",".438",".771","70","140","74","2,193","111","270","1.78","168"
"Jrue Holiday","BOS","PG,SG DTD","860","373","333","53","61",".480",".833","138","124","69","2,263","60","193","2.69","108"
"Luguentz Dort","OKC","SG,SF","860","284","113","47","72",".438",".826","156","74","79","2,246","128","132","1.53","228"
"Bennedict Mathurin","IND","SF,SG OUT","856","234","119","14","35",".447",".821","80","97","59","1,538","184","216","1.23","117"
"Max Strus","CLE","SG,SF","853","338","283","29","64",".418",".794","168","112","70","2,239","77","136","2.53","170"
"Obi Toppin","IND","PF","843","320","128","43","47",".573",".770","102","69","82","1,730","77","230","1.86","143"
"Trey Murphy III","NOR","PF,SF,SG","842","280","124","28","51",".443",".815","169","34","57","1,690","123","106","3.65","70"
"Nic Claxton","BKN","C,PF","841","706","147","146","46",".629",".551","1","93","71","2,116","108","365","1.58","175"
"Jalen Duren","DET","C","841","709","147","47","33",".619",".790","0","129","61","1,777","143","349","1.14","192"
"Herbert Jones","NOR","PF,SF","837","272","199","62","105",".498",".867","114","93","76","2,321","137","179","2.14","224"
"Clint Capela","ATL","C","836","775","91","106","43",".571",".631","0","74","73","1,883","130","353","1.23","164"
"Reggie Jackson","DEN","PG DTD","833","155","308","13","44",".431",".806","102","106","82","1,817","79","224","2.91","149"
"Jusuf Nurkic","PHO","C DTD","829","837","301","80","81",".510",".640","22","175","76","2,078","167","298","1.72","254"
"Khris Middleton","MIL","PF,SF DTD","828","257","292","15","51",".493",".833","94","127","55","1,487","100","223","2.30","141"
"Daniel Gafford","DAL","C,PF","814","562","115","153","65",".725",".674","0","74","74","1,814","118","348","1.55","227"
"Spencer Dinwiddie","LAL","PG,SG","795","205","356","22","51",".392",".805","124","91","76","2,152","169","127","3.91","138"
"Ivica Zubac","LAC","C DTD","794","626","93","83","22",".649",".723","0","79","68","1,795","120","337","1.18","180"
"Tyus Jones","WAS","PG OUT","790","179","485","18","71",".490",".800","106","66","66","1,933","32","220","7.35","48"
"Payton Pritchard","BOS","PG,SG","787","265","281","6","39",".468",".821","147","61","82","1,826","46","150","4.61","106"
"Evan Mobley","CLE","C,PF DTD","785","468","160","72","45",".580",".719","22","90","50","1,532","123","298","1.78","134"
"Grant Williams","CHA","C,PF","784","318","174","39","44",".456",".757","126","109","76","2,129","106","150","1.60","226"
"Cameron Johnson","BKN","SF,PF DTD","776","251","138","15","49",".446",".789","138","57","58","1,599","86","138","2.42","105"
"Zach Collins","SAS","PF,C","776","370","194","52","35",".484",".753","58","132","69","1,526","122","240","1.47","206"
"Tre Jones","SAS","PG","771","289","478","9","78",".505",".856","64","116","77","2,138","101","239","4.12","92"
"Georges Niang","CLE","PF","768","278","98","18","30",".449",".850","149","72","82","1,831","51","135","1.36","192"
"Kentavious Caldwell-Pope","DEN","SF,SG DTD","766","183","183","42","98",".460",".894","125","75","76","2,402","101","145","2.44","151"
"Kelly Olynyk","TOR","PF,C","762","411","347","30","74",".555",".833","60","152","78","1,759","150","216","2.28","230"
"Josh Hart","NYK","SG,SF","761","675","331","23","75",".435",".791","80","118","81","2,707","91","215","2.81","171"
"Jaden McDaniels","MIN","PF,SF","757","224","101","42","63",".489",".722","86","87","72","2,105","57","221","1.16","219"
"Russell Westbrook III","LAC","PG DTD","754","343","306","23","74",".454",".688","42","144","68","1,529","110","259","2.13","121"
"Eric Gordon","PHO","SG,SF","749","122","139","30","66",".443",".797","150","73","68","1,893","51","124","1.90","79"
"OG Anunoby","NYK","SF,SG DTD","733","208","107","36","68",".489",".753","102","81","50","1,702","67","180","1.32","119"
"T.J. McConnell","IND","PG","727","191","390","8","72",".557",".790","18","108","71","1,291","49","312","3.61","79"
"Bruce Brown Jr.","TOR","PG,SF,SG DTD","726","284","192","17","59",".478",".824","53","86","67","1,865","117","225","2.23","148"
"Alex Caruso","CHI","PG,SG DTD","715","273","247","70","120",".468",".760","136","102","71","2,040","73","117","2.42","181"
"Sam Hauser","BOS","PF,SF","712","276","82","25","40",".446",".895","197","32","79","1,741","17","52","2.56","99"
"GG Jackson II","MEM","PF,SF","699","196","59","23","28",".428",".752","102","65","48","1,233","115","139","0.91","64"
"Taurean Prince","LAL","SF,PF","697","230","119","36","58",".442",".735","141","73","78","2,108","50","112","1.63","146"
"Simone Fontecchio","DET","SF DTD","692","246","101","23","44",".460",".818","134","68","66","1,644","54","118","1.49","110"
"Malaki Branham","SAS","PG,SF,SG DTD","690","148","156","8","26",".432",".873","93","91","75","1,594","55","178","1.71","94"
"Alec Burks","NYK","PG,SF,SG","689","150","88","12","28",".369",".868","124","48","66","1,211","145","86","1.83","75"
"Brandin Podziemski","GSW","SG","682","427","273","14","61",".454",".633","90","88","74","1,968","50","181","3.10","122"
"Andre Drummond","CHI","C DTD","663","708","37","48","73",".556",".592","0","81","79","1,351","129","267","0.46","140"
"Terance Mann","LAC","PF,SF,SG DTD","658","254","118","15","43",".515",".832","71","48","75","1,873","79","183","2.46","145"
"Derrick Jones Jr.","DAL","PF,SF","657","250","75","51","53",".483",".713","82","65","76","1,783","97","157","1.15","121"
"Kevin Huerter","SAC","SG,SF OUT","655","224","166","23","45",".443",".766","123","53","64","1,562","36","125","3.13","135"
"Nickeil Alexander-Walker","MIN","SF,SG","655","167","204","42","64",".439",".800","131","76","82","1,921","52","105","2.68","143"
"Santi Aldama","MEM","PF,C","654","352","138","54","43",".435",".621","106","69","61","1,618","54","141","2.00","89"
"Nick Richards","CHA","C DTD","652","539","54","74","26",".692",".737","0","73","67","1,759","132","260","0.74","176"
"Isaac Okoro","CLE","SG,SF","647","206","132","34","57",".490",".679","84","54","69","1,887","93","151","2.44","140"
"Caleb Martin","MIA","SF,SG","640","281","143","29","47",".431",".778","81","77","64","1,756","77","160","1.86","126"
"Jabari Walker","POR","PF,SF","638","508","71","22","42",".460",".754","41","66","72","1,700","129","193","1.08","173"
"Isaiah Joe","OKC","PG,SF,SG DTD","636","180","99","22","46",".458",".865","147","47","78","1,445","45","75","2.11","87"
"Andrew Nembhard","IND","PG,SG","626","141","280","6","63",".498",".804","61","101","68","1,697","45","199","2.77","143"
"Duop Reath","POR","C","617","250","67","38","33",".461",".742","88","52","68","1,214","69","142","1.29","161"
"Malcolm Brogdon","POR","PG,SG DTD","613","148","214","8","27",".440",".819","82","60","39","1,121","95","136","3.57","58"
"Royce O'Neale","PHO","SF,SG","608","377","219","44","59",".397",".686","156","73","79","1,954","24","58","3.00","174"
"Wendell Carter Jr.","ORL","C","603","381","95","28","35",".525",".694","64","68","55","1,406","93","159","1.40","121"
"Jalen Smith","IND","PF,C","601","337","63","38","17",".592",".692","61","44","61","1,047","72","173","1.43","124"
"Christian Braun","DEN","SG","600","306","132","35","42",".460",".694","63","55","82","1,655","93","159","2.40","137"
"Paul Reed","PHI","C,PF","600","488","109","84","67",".540",".718","21","67","82","1,590","61","238","1.63","198"
"Amen Thompson","HOU","PG,SF,SG DTD","592","409","163","38","78",".536",".684","8","90","62","1,388","106","231","1.81","141"
"Marcus Sasser","DET","PG","586","125","236","12","44",".428",".879","90","90","71","1,351","58","129","2.62","103"
"Marvin Bagley III","WAS","PF,C","583","311","55","33","20",".586",".762","9","59","50","1,053","96","230","0.93","81"
"Isaiah Hartenstein","NYK","C,PF","582","626","188","85","87",".644",".707","1","93","75","1,896","111","234","2.02","210"
"Dorian Finney-Smith","BKN","C,PF,SF","580","317","107","38","56",".421",".717","117","59","68","1,934","33","98","1.81","150"
"Cam Whitmore","HOU","PF,SF","579","180","33","17","30",".454",".679","79","46","47","880","76","133","0.72","64"
"Cameron Payne","PHI","PG","578","117","205","11","42",".432",".866","104","66","78","1,304","58","104","3.11","126"
"Precious Achiuwa","NYK","C,PF","565","487","97","68","46",".501",".616","26","83","74","1,624","69","209","1.17","143"
"Lonnie Walker IV","BKN","SF,SG","565","127","74","20","32",".423",".763","104","51","58","1,011","45","104","1.45","71"
"Miles McBride","NYK","PG","562","100","114","7","50",".452",".860","109","30","68","1,328","43","96","3.80","108"
"Al Horford","BOS","PF,C","562","413","168","62","38",".511",".867","108","48","65","1,740","26","106","3.50","93"
"Cason Wallace","OKC","PG,SG","561","187","120","37","76",".491",".784","98","45","82","1,692","29","119","2.67","129"
"Onyeka Okongwu","ATL","C,PF DTD","561","376","74","60","26",".611",".793","23","45","55","1,405","92","200","1.64","162"
"Dalano Banton","POR","PG,SG DTD","557","178","127","20","33",".404",".783","59","77","54","1,047","94","143","1.65","64"
"Ausar Thompson","DET","PF,SF,SG OUT","556","402","120","59","68",".483",".597","21","84","63","1,583","71","211","1.43","175"
"Jakob Poeltl","TOR","C","555","429","127","76","35",".656",".551","0","77","50","1,319","59","248","1.65","149"
"Aaron Wiggins","OKC","SG,SF","542","186","86","19","56",".562",".789","62","56","78","1,228","56","150","1.54","91"
"Trayce Jackson-Davis","GSW","C,PF","540","341","82","76","29",".702",".561","0","49","68","1,130","74","233","1.67","108"
"Chris Paul","GSW","PG","533","225","393","6","70",".441",".827","78","76","58","1,531","43","128","5.17","108"
"Moses Moody","GSW","SF,SG","533","196","57","24","42",".462",".785","72","44","66","1,156","73","122","1.30","90"
"Peyton Watson","DEN","PF,SF,SG","532","258","86","88","42",".465",".670","45","58","80","1,488","71","163","1.48","143"
"Bilal Coulibaly","WAS","SF,SG OUT","532","256","110","48","57",".435",".702","64","87","63","1,715","92","124","1.26","137"
"Jaden Hardy","DAL","PG,SG","530","131","109","4","22",".407",".776","81","62","73","989","59","114","1.76","80"
"Toumani Camara","POR","PF,SF OUT","527","343","87","33","66",".450",".758","58","84","70","1,739","75","139","1.04","174"
"LaMelo Ball","CHA","PG,SG OUT","526","113","176","4","40",".433",".865","70","83","22","711","90","113","2.12","79"
"Jordan Hawkins","NOR","SG","524","148","70","7","19",".382",".838","109","40","67","1,160","67","65","1.75","72"
"Vince Williams Jr.","MEM","PG,SF,SG OUT","521","290","175","34","47",".446",".800","79","92","52","1,436","104","90","1.90","135"
"Walker Kessler","UTH","C","518","481","60","154","30",".654",".602","4","66","64","1,493","56","225","0.91","132"
"Talen Horton-Tucker","UTH","PG,SF,SG","516","121","177","19","45",".396",".807","60","65","51","1,009","88","124","2.72","94"
"Dario Saric","GSW","PF,C DTD","515","283","144","10","31",".467",".850","74","78","64","1,098","79","107","1.85","112"
"Aaron Holiday","HOU","PG,SG","514","123","140","6","42",".446",".921","84","53","78","1,269","58","102","2.64","125"
"Shaedon Sharpe","POR","SF,SG OUT","510","160","94","12","28",".406",".824","60","72","32","1,059","98","116","1.31","88"
"Gradey Dick","TOR","SF,SG DTD","510","132","68","2","34",".425",".863","88","50","60","1,268","44","101","1.36","87"
"Jeff Green","HOU","C,PF","509","178","70","31","16",".456",".819","53","46","78","1,307","122","114","1.52","100"
"Kyle Anderson","MIN","SF,PF","506","273","331","47","71",".460",".708","11","91","79","1,782","97","188","3.64","128"
"Julian Champagnie","SAS","PF,SF,SG","504","206","103","42","48",".408",".815","101","57","74","1,468","75","63","1.81","77"
"Isaiah Stewart","DET","PF,C OUT","503","305","73","38","17",".487",".753","67","66","46","1,423","64","119","1.11","99"
"Gordon Hayward","OKC","SF DTD","500","181","158","13","40",".464",".742","37","66","51","1,245","89","150","2.39","67"
"Cedi Osman","SAS","PF,SF","489","180","119","11","36",".479",".673","86","47","72","1,269","35","98","2.53","107"
"Zach LaVine","CHI","SG,SF OUT","487","129","98","8","21",".452",".854","59","52","25","872","88","111","1.88","57"
"Kyle Lowry","PHI","PG","487","194","253","21","59",".432",".840","98","85","60","1,690","63","65","2.98","146"
"Sam Merrill","CLE","SG DTD","485","120","108","4","19",".402",".929","143","19","61","1,069","26","15","5.68","72"
"Kevin Love","MIA","PF,C DTD","485","338","115","10","18",".440",".787","84","48","55","924","85","74","2.40","97"
"Dereck Lively II","DAL","C","483","378","60","77","36",".747",".506","0","50","55","1,294","41","221","1.20","144"
"Draymond Green","GSW","PF,C DTD","475","398","332","47","55",".497",".730","51","135","55","1,490","54","134","2.46","166"
"Josh Green","DAL","SG,SF","469","185","130","9","47",".479",".684","72","60","57","1,505","39","107","2.17","107"
"Naji Marshall","NOR","PF,SF,SG","466","240","128","12","49",".463",".791","58","65","66","1,257","68","112","1.97","91"
"Amir Coffey","LAC","SF,SG","463","148","76","14","41",".472",".859","70","33","70","1,460","61","96","2.30","102"
"Ochai Agbaji","TOR","PG,SF,SG","455","216","83","44","47",".411",".661","62","64","78","1,642","37","116","1.30","117"
"Patrick Beverley","MIL","PG SUS","451","239","212","31","43",".417",".822","61","65","73","1,462","74","97","3.26","128"
"James Wiseman","DET","C","446","336","54","39","12",".613",".706","0","66","63","1,091","72","187","0.82","141"
"Trendon Watford","BKN","PF","432","194","81","19","23",".527",".794","27","63","63","856","77","137","1.29","106"
"Patrick Williams","CHI","PF,SF OUT","429","166","66","33","40",".443",".788","59","57","43","1,174","52","100","1.16","87"
"Luke Kennard","MEM","PG,SG DTD","429","113","136","2","20",".448",".889","107","54","39","999","40","34","2.52","39"
"Pat Connaughton","MIL","SG,SF","428","239","161","19","40",".435",".759","82","49","76","1,676","44","69","3.29","99"
"Dante Exum","DAL","PG,SG","428","149","157","5","22",".533",".779","53","49","55","1,088","53","108","3.20","85"
"Josh Richardson","MIA","PG,SF,SG OUT","425","121","105","14","24",".444",".944","66","36","43","1,103","51","88","2.92","76"
"David Roddy","PHO","PF,SF","425","211","80","11","27",".403",".691","48","57","65","1,177","47","117","1.40","72"
"Vasilije Micic","CHA","PG,SG","422","88","262","7","31",".430",".813","43","99","60","1,176","61","116","2.65","68"
"De'Anthony Melton","PHI","PG,SG DTD","421","141","114","16","60",".386",".835","77","39","38","1,023","66","62","2.92","84"
"Ziaire Williams","MEM","SF,SG","420","180","75","9","36",".397",".827","58","66","51","1,038","62","92","1.14","85"
"Trey Lyles","SAC","PF,C","419","257","72","19","17",".446",".700","84","38","58","1,158","49","59","1.89","86"
"Day'Ron Sharpe","BKN","C DTD","415","389","85","44","24",".571",".610","4","70","61","921","75","164","1.21","131"
"Haywood Highsmith","MIA","PF,SF","405","210","70","30","53",".465",".639","76","34","66","1,366","23","77","2.06","117"
"Jose Alvarado","NOR","PG","397","128","117","15","59",".412",".673","78","40","56","1,028","35","64","2.93","89"
"Jonathan Isaac","ORL","SF,PF","393","260","30","70","43",".511",".720","42","27","58","914","59","104","1.11","64"
"Isaiah Jackson","IND","C,PF","383","238","50","61","34",".665",".716","0","39","58","771","73","155","1.28","137"
"Tre Mann","CHA","SG,PG","382","149","165","3","51",".459",".763","47","65","41","987","45","98","2.54","48"
"Malachi Flynn","DET","PG","380","114","130","8","38",".419",".732","56","63","69","877","52","80","2.06","66"
"Davion Mitchell","SAC","SG,PG","379","95","134","3","17",".452",".714","57","43","72","1,101","30","89","3.12","85"
"Jake LaRavia","MEM","PF,SF","379","128","58","12","29",".389",".826","53","45","35","806","90","65","1.29","69"
"Drew Eubanks","PHO","PF,C","379","322","63","61","27",".601",".774","3","61","75","1,169","72","149","1.03","115"
"Daniel Theis","LAC","C,PF DTD","376","244","61","51","21",".532",".760","26","42","60","1,015","38","130","1.45","127"
"Kris Murray","POR","PF,SF","376","224","80","21","53",".396",".661","49","55","62","1,348","37","96","1.45","92"
"Gary Harris","ORL","SG,SF","372","90","87","14","49",".441",".756","76","31","54","1,297","34","55","2.81","91"
"Dennis Smith Jr.","BKN","PG,SG DTD","369","164","203","12","68",".435",".741","32","68","56","1,059","43","115","2.99","121"
"Jordan Goodwin","MEM","PG,SG","368","253","155","18","48",".369",".746","42","56","57","1,056","44","99","2.77","76"
"Jordan Nwora","TOR","PF,SF","364","149","62","13","26",".462",".830","44","53","52","711","44","94","1.17","48"
"Quentin Grimes","DET","SF,SG OUT","359","100","66","7","35",".372",".756","81","28","51","1,025","34","41","2.36","75"
"Kris Dunn","UTH","PG,SG","357","189","254","28","68",".470",".688","41","79","66","1,249","22","106","3.22","135"
"Jevon Carter","CHI","PG,SG","357","60","94","16","37",".378",".571","77","36","72","1,004","4","61","2.61","71"
"Matisse Thybulle","POR","SG,SF DTD","354","136","90","49","113",".398",".759","80","40","65","1,487","22","46","2.25","93"
"Dyson Daniels","NOR","PG,SG","354","236","164","25","85",".447",".642","42","59","61","1,358","34","97","2.78","101"
"Nikola Jovic","MIA","C,PF,SF DTD","352","192","90","14","25",".452",".702","65","42","46","896","33","62","2.14","82"
"Doug McDermott","IND","SF,PF","351","59","70","2","16",".433",".579","94","28","64","904","11","29","2.50","64"
"Larry Nance Jr.","NOR","PF,C","350","307","113","19","61",".573",".771","27","49","61","1,216","47","111","2.31","98"
"Christian Wood","LAL","PF,C OUT","347","254","49","33","16",".466",".702","35","50","50","872","66","88","0.98","72"
"Markelle Fultz","ORL","PG,SG","335","138","120","15","42",".472",".697","4","50","43","910","23","150","2.40","65"
"Kevon Looney","GSW","PF,C","334","419","133","29","28",".597",".675","0","50","74","1,194","56","139","2.66","155"
"Luke Kornet","BOS","C","334","261","67","61","23",".700",".907","1","21","63","983","49","141","3.19","77"
"Chimezie Metu","DET","PF,C","332","194","46","16","43",".504",".906","28","52","51","859","58","95","0.88","71"
"Landry Shamet","WAS","PG,SG OUT","327","62","54","10","25",".431",".826","53","30","46","726","38","65","1.80","76"
"Kenrich Williams","OKC","SF,PF","325","209","93","9","38",".468",".500","56","32","69","1,029","7","75","2.91","101"
"Garrison Mathews","ATL","SG,SF","325","92","37","8","20",".456",".810","85","19","66","992","34","18","1.95","115"
"Chris Boucher","TOR","C,PF OUT","322","207","23","24","14",".507",".772","31","28","50","705","71","79","0.82","68"
"Nicolas Batum","PHI","PF,SF,SG","320","248","128","38","48",".453",".714","73","40","60","1,529","15","43","3.20","109"
"Marcus Morris Sr.","CLE","PF,C,SF","316","134","36","13","15",".439",".818","48","30","49","817","36","68","1.20","74"
"Anthony Black","ORL","PG,SG","316","139","91","21","35",".466",".613","37","56","69","1,164","49","78","1.63","110"
"Jae Crowder","MIL","SF,PF G-League","312","161","66","9","38",".422",".722","58","23","50","1,156","26","56","2.87","74"
"Goga Bitadze","ORL","C","311","286","79","72","32",".603",".655","2","44","62","957","57","124","1.80","107"
"Keon Ellis","SAC","PG,SF,SG","310","124","85","29","51",".461",".743","70","37","57","978","26","37","2.30","112"
"Jaxson Hayes","LAL","C,PF","303","211","33","29","34",".720",".622","0","43","70","877","51","126","0.77","123"
"Torrey Craig","CHI","PF,SF","303","217","58","21","30",".430",".750","60","32","53","1,049","27","48","1.81","110"
"Nick Smith Jr.","CHA","PG,SG","302","72","59","7","10",".391",".867","63","39","51","729","13","50","1.51","55"
"Bryce McGowens","CHA","SF,SG","302","102","51","10","21",".439",".777","34","30","59","882","66","67","1.70","74"
"Joe Ingles","ORL","PF,SF","296","142","203","5","43",".436",".824","70","67","68","1,169","28","29","3.03","88"
"Taylor Hendricks","UTH","PF","292","185","32","30","28",".450",".793","53","27","40","856","23","55","1.19","77"
"Dean Wade","CLE","PF,SF","291","218","43","25","40",".414",".769","79","20","54","1,108","20","17","2.15","93"
"Davis Bertans","CHA","PF,C","290","61","35","12","26",".393",".909","76","18","44","674","30","16","1.94","56"
"Killian Hayes","FA","PG,SG FA","289","119","205","20","36",".413",".660","22","51","42","1,008","33","95","4.02","75"
"Marcus Smart","MEM","PG,SG DTD","289","53","86","5","41",".430",".768","42","62","20","605","43","60","1.39","53"
"Craig Porter Jr.","CLE","PG,SG","285","109","118","15","21",".509",".732","12","45","51","649","41","104","2.62","40"
"Xavier Tillman Sr.","BOS","PF,C","284","211","77","44","51",".434",".440","20","34","54","974","22","101","2.26","75"
"Max Christie","LAL","SF,SG","284","142","60","17","20",".427",".783","42","35","67","944","36","61","1.71","57"
"Bruno Fernando","ATL","C","282","193","46","28","25",".583",".667","0","44","45","682","64","109","1.05","107"
"Danilo Gallinari","MIL","SF,PF","280","108","55","6","14",".437",".857","30","23","49","629","84","53","2.39","50"
"Josh Okogie","PHO","SG,SF","277","154","64","24","48",".418",".745","29","36","60","960","76","57","1.78","68"
"Jaylin Williams","OKC","C,PF DTD","276","234","110","27","28",".417",".805","53","34","69","897","33","42","3.24","98"
"Jock Landale","HOU","C","274","172","65","33","20",".515",".800","10","31","56","764","52","96","2.10","74"
"Lamar Stevens","MEM","PF,SF DTD","272","127","28","22","23",".450",".778","14","24","38","559","42","94","1.17","45"
"Scotty Pippen Jr.","MEM","PG,SG","271","67","98","10","36",".493",".746","30","56","21","527","41","70","1.75","60"
"Blake Wesley","SAS","PG,SG","268","94","166","9","29",".474",".667","12","55","61","876","52","90","3.02","89"
"Jae'Sean Tate","HOU","SF,PF","265","197","64","15","42",".472",".667","23","37","65","1,031","26","85","1.73","137"
"Cam Reddish","LAL","PF,SF,SG","260","99","48","14","47",".389",".759","37","31","48","984","41","54","1.55","64"
"Bones Hyland","LAC","PG,SG","256","55","93","4","26",".387",".783","44","44","37","540","18","53","2.11","51"
"Mo Bamba","PHI","C","253","238","41","60","22",".490",".680","25","39","57","740","34","72","1.05","101"
"Caleb Houstan","ORL","PF,SF,SG","253","84","29","4","15",".388",".808","72","16","59","815","21","8","1.81","61"
"Ben Sheppard","IND","SF,SG G-League","252","89","53","2","33",".393",".885","49","15","57","814","23","41","3.53","88"
"AJ Green","MIL","PG,SG","252","64","30","4","9",".424",".895","69","12","56","614","17","14","2.50","49"
"Jared Butler","WAS","PG,SG","251","58","126","8","29",".488",".861","24","50","40","566","31","74","2.52","58"
"Troy Brown Jr.","DET","PF,SF","247","144","60","3","24",".372",".865","47","30","59","827","32","37","2.00","42"
"Mason Plumlee","LAC","C G-League","244","234","55","17","14",".569",".707","0","36","46","674","70","87","1.53","68"
"Mark Williams","CHA","C OUT","242","184","22","20","16",".649",".719","0","17","19","508","46","98","1.29","50"
"Brice Sensabaugh","UTH","SF","241","102","55","6","13",".390",".902","34","47","32","584","37","51","1.17","43"
"Gary Payton II","GSW","PG,SF,SG DTD","240","113","48","18","39",".563",".609","20","27","44","680","14","83","1.78","77"
"John Konchar","MEM","SF,SG DTD","235","257","110","51","51",".423",".840","38","46","55","1,173","21","50","2.39","76"
"Justin Holiday","DEN","SG,SF","234","71","67","9","36",".454",".750","55","14","58","862","3","33","4.79","69"
"Chris Duarte","SAC","SF,SG","230","106","44","8","28",".381",".788","44","26","59","719","26","36","1.69","80"
"Julian Strawther","DEN","SF,SG G-League","227","61","47","7","17",".369",".710","41","23","50","545","22","41","2.04","54"
"Ja Morant","MEM","PG OUT","226","50","73","5","7",".471",".813","14","27","9","318","52","66","2.70","19"
"Seth Curry","CHA","PG,SG","226","68","44","6","22",".392",".903","38","21","44","615","28","42","2.10","39"
"Sasha Vezenkov","SAC","PF DTD","225","96","19","7","20",".440",".800","45","12","42","511","12","39","1.58","42"
"KJ Martin Jr.","PHI","SF","224","131","51","12","22",".536",".537","8","32","60","746","22","89","1.59","100"
"Kevin Knox II","FA","SF,PF FA","223","75","23","7","13",".462",".909","31","22","31","560","20","55","1.05","50"
"Bol Bol","PHO","PF,C","223","137","17","25","10",".616",".790","22","19","43","469","15","71","0.89","42"
"Omer Yurtseven","UTH","C","222","208","29","18","8",".538",".679","5","37","48","545","19","94","0.78","52"
"Evan Fournier","DET","SG,SF","220","58","48","7","29",".358",".806","33","21","32","580","29","46","2.29","48"
"Thomas Bryant","MIA","C","217","141","23","16","10",".577",".872","4","21","38","441","41","82","1.10","46"
"Shake Milton","NYK","PG,SG","216","75","60","6","19",".405",".816","18","31","48","581","40","61","1.94","54"
"Tari Eason","HOU","PF,SF OUT","215","153","27","19","31",".466",".636","18","20","22","480","21","70","1.35","51"
"Jalen Wilson","BKN","PF,SF","214","131","45","4","11",".425",".826","24","19","43","664","38","52","2.37","48"
"MarJon Beauchamp","MIL","SF,SG G-League","211","99","31","7","13",".488",".679","30","27","48","608","19","51","1.15","54"
"Cody Martin","CHA","SG,SF","211","109","104","18","32",".381",".606","27","44","28","753","20","55","2.36","48"
"Delon Wright","MIA","PG,SG DTD","210","86","119","11","54",".394",".822","25","14","47","742","37","49","8.50","32"
"Dwight Powell","DAL","C","208","214","84","20","26",".679",".708","1","32","63","836","63","71","2.63","113"
"Eugene Omoruyi","WAS","C,PF,SF","207","85","35","5","27",".485",".653","13","21","43","393","32","68","1.67","62"
"Oshae Brissett","BOS","SF,PF","201","160","44","8","19",".444",".602","15","20","55","630","50","53","2.20","54"
"Richaun Holmes","WAS","PF,C DTD","199","182","25","19","11",".558",".723","1","24","40","554","34","81","1.04","74"
"JT Thor","CHA","PF","199","146","29","27","11",".437",".550","28","15","63","781","11","52","1.93","60"
"Keita Bates-Diop","BKN","SF,PF OUT","197","110","38","22","25",".434",".762","21","15","53","665","32","51","2.53","35"
"Jordan McLaughlin","MIN","PG","195","72","110","7","35",".483",".722","42","19","56","626","13","28","5.79","31"
"Derrick Rose","MEM","PG","191","45","78","2","8",".461",".889","15","31","24","399","24","61","2.52","21"
"Maxi Kleber","DAL","PF,C DTD","191","143","68","30","17",".432",".702","32","28","43","871","33","31","2.43","79"
"Sandro Mamukelashvili","SAS","C","190","147","49","12","7",".471",".735","19","19","46","451","25","54","2.58","35"
"Anthony Gill","WAS","C,PF,SF DTD","189","94","34","11","13",".469",".806","10","23","50","466","29","65","1.48","48"
"Zeke Nnaji","DEN","PF,C","186","126","32","38","15",".463",".677","6","27","58","576","42","63","1.19","81"
"JaVale McGee","SAC","C","185","126","17","20","14",".599",".578","1","34","46","339","26","78","0.50","46"
"Dalen Terry","CHI","PG,SF,SG","180","113","81","18","27",".440",".581","17","32","59","681","25","52","2.53","81"
"Luka Samanic","FA","PF FA","177","102","19","7","5",".380",".786","13","28","43","404","44","47","0.68","32"
"Bismack Biyombo","OKC","C OUT","174","209","53","37","11",".565",".482","0","42","40","792","26","74","1.26","89"
"Ricky Council IV","PHI","SG","173","46","16","1","8",".482",".747","12","5","32","289","53","42","3.20","17"
"Mitchell Robinson","NYK","C OUT","173","263","18","35","37",".575",".409","0","25","31","768","27","73","0.72","55"
"Jacob Gilyard","BKN","PG","173","46","137","5","33",".400","1.000","51","30","41","698","2","9","4.57","39"
"Trey Jemison","MEM","C","171","134","27","28","12",".552",".840","0","34","25","574","21","75","0.79","69"
"Jalen McDaniels","TOR","PF,SF","169","79","37","6","19",".344",".730","12","30","50","538","27","53","1.23","52"
"Patrick Baldwin Jr.","WAS","PF,SF","168","123","29","15","18",".381",".679","31","19","38","493","19","28","1.53","56"
"Brandon Boston Jr.","LAC","PG,SF,SG","167","52","13","8","11",".404",".697","14","24","32","345","23","51","0.54","40"
"Lester Quinones","GSW","PG,SG","164","72","36","2","6",".397",".690","32","17","37","394","20","24","2.12","44"
"Monte Morris","MIN","PG","164","57","69","9","19",".405",".684","27","7","33","476","13","35","9.86","14"
"Jaden Springer","BOS","PG,SG","163","78","44","15","36",".399",".833","10","34","49","507","35","49","1.29","66"
"Svi Mykhailiuk","BOS","SF,SG","162","51","35","1","11",".416",".667","42","12","41","413","6","15","2.92","19"
"Tristan Thompson","CLE","PF,C","161","174","51","14","12",".608",".289","0","29","49","549","15","73","1.76","59"
"Mike Muscala","OKC","C,PF","157","125","36","13","9",".359",".680","28","22","53","600","17","28","1.64","52"
"Skylar Mays","LAL","PG,SG","155","43","85","4","21",".396",".765","16","20","38","433","13","47","4.25","26"
"Rayan Rupert","POR","SF,SG","155","92","62","3","12",".335",".760","28","31","39","633","19","26","2.00","56"
"Neemias Queta","BOS","C","154","122","20","21","13",".644",".714","0","13","28","333","20","67","1.54","50"
"Javon Freeman-Liberty","TOR","PG","153","70","40","4","10",".444",".917","10","25","22","403","33","45","1.60","28"
"Nassir Little","PHO","PF,SF","152","75","21","10","10",".460",".850","21","14","45","458","17","36","1.50","39"
"Matt Ryan","NOR","SF,SG","152","40","18","1","6",".434",".929","41","19","28","390","13","8","0.95","32"
"Johnny Davis","WAS","SF,SG","152","72","32","10","18",".403",".583","14","13","50","613","14","48","2.46","57"
"Jarred Vanderbilt","LAL","PF","150","138","36","5","36",".518",".667","8","28","29","581","24","51","1.29","43"
"Aleksej Pokusevski","CHA","C,PF","146","89","35","13","15",".405",".732","18","19","28","405","30","31","1.84","22"
"Johnny Juzang","UTH","SF,SG","144","36","23","2","4",".464",".714","32","13","20","372","10","19","1.77","29"
"Dominick Barlow","SAS","PF,SF","144","113","36","14","12",".496",".691","3","9","33","420","29","53","4.00","47"
"Danuel House Jr.","FA","PF,SF,SG FA","144","58","28","5","15",".448",".761","15","19","34","509","35","32","1.47","45"
"DeAndre Jordan","DEN","C","142","157","26","16","6",".624",".491","0","23","36","396","26","58","1.13","56"
"Ish Smith","FA","PG FA","139","76","145","4","17",".418",".750","4","47","43","741","3","62","3.09","49"
"Thaddeus Young","PHO","C,PF","137","103","57","5","23",".602",".400","1","15","33","439","6","64","3.80","49"
"Lindy Waters III","OKC","PF,SF,SG G-League","137","40","24","7","5",".471","1.000","37","7","38","280","2","12","3.43","23"
"A.J. Lawson","DAL","PF,SF,SG","136","50","20","3","10",".446",".652","13","14","42","311","15","41","1.43","22"
"Vit Krejci","ATL","PG,SG","135","52","50","6","13",".490",".833","28","20","22","541","5","23","2.50","48"
"Noah Clowney","BKN","PF","133","81","18","16","8",".538",".700","12","15","23","370","21","38","1.20","25"
"Ousmane Dieng","OKC","PF,SF G-League","133","51","37","5","8",".422",".875","21","19","33","365","14","28","1.95","22"
"Patty Mills","MIA","PG,SG DTD","127","35","34","1","20",".351","1.000","24","16","32","415","11","22","2.13","32"
"Robert Covington","PHI","PF,SF OUT","127","97","24","18","39",".439",".846","19","11","29","488","22","24","2.18","56"
"Stanley Umude","DET","SG OUT","127","51","11","7","8",".441",".906","24","14","24","307","29","13","0.79","40"
"Andre Jackson Jr.","MIL","PG,SG DTD","125","113","50","6","16",".500",".727","17","28","57","572","8","33","1.79","92"
"Olivier-Maxence Prosper","DAL","PF,SF OUT","121","79","22","4","7",".385",".683","13","8","40","336","28","27","2.75","20"
"Jarace Walker","IND","PF","120","63","40","11","15",".409",".889","22","17","33","340","8","23","2.35","29"
"Alex Len","SAC","C","120","128","50","33","11",".617",".588","0","27","48","444","20","50","1.85","66"
"Yuta Watanabe","MEM","SF,PF OUT","117","54","15","7","12",".353",".588","25","19","34","464","10","16","0.79","39"
"Jontay Porter","TOR","C,PF SUS","115","82","60","20","20",".385",".833","20","21","26","360","15","20","2.86","35"
"Jeremiah Robinson-Earl","NOR","C,PF","115","76","21","4","10",".474",".750","13","16","39","334","12","32","1.31","24"
"Devonte' Graham","SAS","PG,SG","114","36","49","2","9",".352",".813","25","17","23","313","13","13","2.88","14"
"Isaiah Livers","FA","PF,SF FA","114","48","25","5","13",".345",".667","22","16","23","469","12","18","1.56","43"
"Javonte Green","CHI","SF,SG","110","67","5","8","10",".600",".769","10","7","9","230","10","35","0.71","19"
"Wesley Matthews","ATL","SG,SF","110","53","23","11","16",".351",".750","24","8","36","413","18","10","2.88","43"
"Damian Jones","CLE","C","107","62","15","13","7",".597",".857","3","13","39","270","18","40","1.15","27"
"Chuma Okeke","ORL","PF,SF","107","80","20","7","9",".357",".571","23","16","47","432","4","17","1.25","19"
"Tosan Evbuomwan","DET","PF,SF","101","60","16","5","6",".507",".680","12","9","17","367","17","24","1.78","23"
"Luka Garza","MIN","C","99","31","4","1","4",".480",".720","9","6","25","122","18","27","0.67","24"
"Orlando Robinson","MIA","C G-League","99","84","34","8","7",".500",".760","8","18","36","304","19","28","1.89","35"
"Jamal Cain","MIA","PF,SF,SG G-League","97","37","10","5","10",".430",".783","11","8","26","259","18","23","1.25","22"
"Kenneth Lofton Jr.","UTH","C,PF","96","38","33","5","6",".462",".654","7","14","21","198","17","29","2.36","24"
"Reggie Bullock Jr.","HOU","PF,SF,SG","96","73","15","5","12",".415","1.000","27","10","44","417","1","7","1.50","29"
"Kessler Edwards","SAC","SF,SG","93","42","15","4","10",".415",".556","20","4","54","275","5","14","3.75","26"
"Jericho Sims","NYK","C,PF","92","147","25","19","8",".691",".667","0","16","45","585","16","38","1.56","45"
"Ben Simmons","BKN","PF,PG,SG OUT","92","119","86","9","12",".581",".400","0","27","15","359","6","43","3.19","36"
"Julian Phillips","CHI","SF OUT","89","36","13","7","7",".416",".684","12","10","40","323","13","20","1.30","40"
"Justin Champagnie","WAS","SF,SG","89","53","19","9","10",".410",".800","13","10","15","235","12","19","1.90","14"
"Kobe Brown","LAC","PF,SF","89","62","25","6","12",".411",".500","14","9","44","394","1","23","2.78","49"
"Kira Lewis Jr.","UTH","PG","89","26","37","2","9",".370",".850","4","14","28","264","17","30","2.64","13"
"Furkan Korkmaz","FA","SG,SF FA","88","30","25","3","14",".395",".700","14","10","35","300","14","16","2.50","17"
"Garrett Temple","TOR","PG,SG","88","45","28","3","12",".372",".818","12","14","27","289","18","17","2.00","28"
"Collin Gillespie","DEN","PG","87","21","27","0","13",".464",".667","15","14","24","225","8","17","1.93","24"
"Tristan Vukcevic","WAS","C,PF","85","36","13","7","5",".433",".773","10","10","10","153","17","19","1.30","28"
"Jared Rhoden","DET","PF,SF,SG","83","33","14","13","3",".500",".625","12","7","17","245","5","21","2.00","28"
"Trent Forrest","ATL","PG,SG","83","51","92","3","11",".378",".765","2","20","38","414","13","32","4.60","25"
"Gui Santos","GSW","PF,SF","82","49","14","2","4",".509",".941","10","7","23","192","16","18","2.00","23"
"Jaylen Nowell","DET","SG","81","24","19","2","4",".436",".778","6","7","13","214","7","28","2.71","15"
"Kobe Bufkin","ATL","PG,SG","81","33","27","5","7",".370",".500","9","10","17","196","4","25","2.70","20"
"Onuralp Bitim","CHI","SF,SG OUT","80","32","13","2","3",".381",".800","12","10","23","268","4","20","1.30","24"
"Ashton Hagans","POR","PG,SG","80","45","54","9","11",".409",".824","8","30","19","316","14","21","1.80","40"
"Cody Zeller","NOR","C","76","112","39","5","9",".419",".605","1","16","43","320","23","25","2.44","45"
"Moses Brown","POR","C","75","86","7","7","5",".508",".290","0","11","22","200","9","33","0.64","27"
"Jules Bernard","WAS","SG","74","26","16","1","3",".453",".556","11","8","19","149","5","18","2.00","14"
"Saben Lee","PHO","PG","71","31","30","3","7",".364",".744","2","8","24","185","29","18","3.75","13"
"Leaky Black","CHA","PF,SF G-League","69","48","24","11","8",".481",".667","9","6","26","284","10","16","4.00","19"
"Brandon Clarke","MEM","C,PF","68","32","9","6","5",".559",".143","1","3","6","134","1","32","3.00","8"
"Markieff Morris","DAL","PF","66","39","16","3","5",".338",".833","15","12","26","216","5","8","1.33","12"
"Colby Jones","SAC","SF,SG","64","40","20","5","7",".394",".546","2","10","30","192","6","26","2.00","29"
"Charles Bassey","SAS","C OUT","63","76","21","17","8",".725",".833","0","15","19","205","5","29","1.40","31"
"Nate Williams","HOU","PG,SG","63","23","7","1","4",".540",".539","2","4","22","129","7","25","1.75","10"
"Cory Joseph","FA","PG,SG FA","63","30","42","3","4",".359",".571","13","12","26","296","4","10","3.50","25"
"Justin Minaya","POR","SF DTD","61","56","21","10","9",".297",".556","12","9","34","381","5","10","2.33","35"
"Theo Maledon","FA","PG FA","59","24","28","0","7",".286",".933","5","18","17","213","14","15","1.56","21"
"Harry Giles III","LAL","PF,C TWO-WAY","56","30","6","3","2",".460",".539","3","6","23","100","7","20","1.00","15"
"Brandon Williams","DAL","PG OUT","54","13","17","1","1",".370",".647","3","7","17","113","11","17","2.43","4"
"Micah Potter","UTH","C,PF G-League","53","43","6","6","4",".475",".750","9","5","16","186","6","10","1.20","14"
"Terquavion Smith","PHI","PG G-League","52","4","12","0","8",".391",".600","13","7","16","84","3","5","1.71","8"
"P.J. Tucker","LAC","PF,SF","52","85","16","7","16",".360","1.000","13","8","31","486","3","5","2.00","54"
"Jeff Dowtin Jr.","PHI","PG","52","20","27","1","7",".556",".750","9","5","12","142","3","11","5.40","1"
"Josh Minott","MIN","PF,SF,SG G-League","50","17","8","4","5",".472",".857","4","2","32","91","12","13","4.00","10"
"James Bouknight","FA","SG FA","50","9","6","1","1",".439",".500","13","2","14","81","1","5","3.00","3"
"Darius Bazley","UTH","C,PF,SF","48","28","7","7","6",".600",".833","2","8","9","152","10","16","0.88","3"
"Maozinha Pereira","FA","PF,SF FA","48","37","2","4","6",".514",".700","5","5","7","122","7","13","0.40","10"
"AJ Griffin","ATL","SF,SG OUT","48","18","5","2","1",".290","1.000","10","8","20","171","2","8","0.63","6"
"Jahmi'us Ramsey","TOR","SG,PG M-LEAGUE","47","22","8","0","7",".439",".833","6","7","7","121","5","12","1.14","10"
"Terry Taylor","CHI","C,PF,SG","46","37","10","2","5",".513",".800","2","7","31","188","4","18","1.43","17"
"Sidy Cissoko","SAS","SF,SG","45","22","10","3","7",".485",".800","1","3","12","141","12","15","3.33","18"
"Boban Marjanovic","HOU","C","45","32","6","2","1",".529",".643","0","5","14","71","9","18","1.20","5"
"Ryan Rollins","MIL","PG,SG","44","13","14","3","10",".519",".765","3","8","13","78","13","11","1.75","8"
"DeJon Jarreau","FA","PG,SG G-League","43","44","26","2","6",".340",".455","4","9","9","150","5","13","2.89","14"
"Dylan Windler","ATL","SF","43","16","10","0","2",".500",".000","13","2","17","108","0","2","5.00","6"
"Armoni Brooks","FA","PG FA","42","18","5","1","1",".326",".500","11","3","10","104","1","4","1.67","3"
"Cole Swider","MIA","PF,SF G-League","42","7","5","1","1",".395","1.000","10","8","18","87","2","5","0.63","4"
"Jalen Pickett","DEN","PG,SG","42","14","21","0","4",".429",".750","9","9","27","122","3","6","2.33","13"
"Zavier Simpson","MEM","PG","42","20","25","3","7",".315",".750","5","10","7","161","3","12","2.50","11"
"T.J. Warren","MIN","SF,PF","41","22","9","1","4",".439",".750","2","4","11","125","3","16","2.25","11"
"Robert Williams III","POR","C OUT","41","38","5","7","7",".654",".778","0","7","6","119","7","17","0.71","17"
"Emoni Bates","CLE","SF","41","14","10","2","1",".306",".250","10","8","15","133","1","5","1.25","5"
"Trevelin Queen","ORL","SG G-League","40","20","18","5","7",".368",".750","3","7","14","165","9","11","2.57","15"
"Dru Smith","FA","PG,SG G-League","39","14","14","3","9",".455","1.000","7","5","9","131","2","8","2.80","12"
"Otto Porter Jr.","FA","PF,SF,SG RET","39","29","8","5","5",".424","1.000","8","2","15","174","3","6","4.00","19"
"Joe Harris","FA","SG,SF FA","39","13","10","2","3",".359",".500","10","4","16","170","1","4","2.50","19"
"Marques Bolden","CHA","C TWO-WAY","37","34","4","7","3",".680",".750","0","3","11","121","3","17","1.33","10"
"Adama Sanogo","CHI","C,PF","36","36","0","0","1",".519",".667","0","5","9","66","8","14","0.00","5"
"Udoka Azubuike","PHO","C","35","32","3","6","1",".696",".231","0","4","16","113","3","16","0.75","17"
"Ibou Badji","POR","C G-League","34","51","13","20","3",".636",".500","0","15","22","226","6","14","0.87","46"
"Jalen Hood-Schifino","LAL","PG,SG","34","13","8","2","3",".222",".600","2","9","21","109","12","8","0.89","13"
"Buddy Boeheim","DET","SF,SG","34","10","3","1","0",".310",".800","8","0","10","84","8","1","0.00","5"
"Gabe Vincent","LAL","PG,SG","34","9","21","0","9",".306",".500","3","5","11","218","1","12","4.20","19"
"Taj Gibson","DET","PF,C","34","37","11","7","3",".405","1.000","2","5","20","205","2","13","2.20","31"
"Olivier Sarr","OKC","C TWO-WAY","34","36","2","7","0",".579",".667","2","3","15","98","10","9","0.67","18"
"Xavier Moon","LAC","PG,SG TWO-WAY","33","18","21","3","3",".326",".500","2","5","14","119","1","13","4.20","8"
"Nate Hinton","HOU","SG G-League","33","22","10","2","3",".423",".800","7","3","15","75","4","4","3.33","11"
"Nathan Mensah","FA","C FA","33","65","9","14","6",".429",".750","0","14","25","307","9","12","0.64","64"
"Matt Hurt","FA","PF FA","32","16","4","3","3",".353","1.000","5","2","8","113","3","7","2.00","8"
"Thanasis Antetokounmpo","MIL","SF,PF OUT","32","13","17","4","7",".533",".000","0","14","34","155","0","16","1.21","24"
"Jerome Robinson","GSW","SG","31","6","5","3","1",".333",".636","2","2","22","81","7","9","2.50","5"
"Keon Johnson","PHO","PG,SG","31","7","3","1","3",".381",".917","4","5","5","61","11","4","0.60","5"
"Jett Howard","ORL","SF,SG","29","7","6","2","2",".333",".500","7","3","18","67","2","3","2.00","4"
"Moussa Diabate","LAC","C,PF TWO-WAY","29","24","4","1","5",".526",".643","0","2","11","64","9","10","2.00","4"
"Leonard Miller","MIN","PF,SF G-League","29","20","8","1","2",".650",".500","2","1","17","52","1","11","8.00","5"
"Daishen Nix","MIN","SG,PG TWO-WAY","27","3","6","0","5",".375",".500","6","5","15","50","3","3","1.20","2"
"Oscar Tshiebwe","IND","C,PF TWO-WAY","26","16","2","1","2",".500",".750","0","0","8","42","6","10","0.00","3"
"Chris Livingston","MIL","SF G-League","26","21","5","0","2",".500",".750","1","5","21","91","3","10","1.00","15"
"David Duke Jr.","SAS","SF,SG","26","10","5","0","2",".556","1.000","3","3","4","51","3","7","1.67","4"
"Admiral Schofield","ORL","SF,PF","26","17","7","0","1",".385",".000","6","5","23","84","0","4","1.40","9"
"Mouhamadou Gueye","TOR","C,PF","26","23","5","18","3",".290",".444","0","12","11","120","4","11","0.42","15"
"Colin Castleton","LAL","C,PF TWO-WAY","24","12","3","0","2",".563","1.000","0","3","16","59","6","9","1.00","11"
"Mouhamed Gueye","ATL","PF","24","22","4","4","5",".348",".833","3","1","6","73","5","5","4.00","13"
"Ish Wainright","PHO","PF,SF","23","14","1","1","4",".292","1.000","7","2","11","62","2","0","0.50","8"
"Isaiah Mobley","CLE","C,PF G-League","23","10","6","0","2",".417",".000","3","2","10","72","0","7","3.00","6"
"Jay Huff","DEN","C TWO-WAY","23","11","2","3","2",".600","1.000","3","1","20","49","2","6","2.00","9"
"Amari Bailey","CHA","PG,SF,SG","23","9","7","0","3",".333",".857","1","4","10","65","6","7","1.75","2"
"RaiQuan Gray","SAS","PF TWO-WAY","23","7","6","1","1",".588",".000","3","1","3","39","0","7","6.00","0"
"Braxton Key","DEN","SF TWO-WAY","22","18","9","1","2",".412",".750","2","1","20","60","6","5","9.00","5"
"Dexter Dennis","FA","SG FA","22","9","4","1","0",".526",".333","1","3","4","30","1","9","1.33","1"
"Jamaree Bouyea","SAS","PG","21","19","11","0","1",".357",".000","1","9","9","95","0","9","1.22","10"
"Kendall Brown","IND","SF,SG","21","5","5","0","0",".533",".625","0","2","15","63","5","8","2.50","9"
"Hunter Tyson","DEN","PF,SF","20","9","2","0","1",".400",".000","4","2","18","48","0","4","1.00","10"
"Kobi Simmons","TOR","PG,SG","20","7","12","2","6",".429",".000","2","1","4","67","0","7","12.00","5"
"Jermaine Samuels Jr.","HOU","SF TWO-WAY","20","13","3","2","1",".643","1.000","0","0","14","60","2","9","0.00","5"
"Malik Williams","TOR","C","19","38","2","4","3",".265",".000","1","3","7","107","0","8","0.67","15"
"Robin Lopez","FA","C FA","18","5","4","3","1",".368","1.000","2","2","16","65","2","5","2.00","7"
"Taze Moore","POR","SG","18","8","5","0","2",".421",".500","1","3","4","40","1","7","1.67","4"
"Wendell Moore Jr.","MIN","SF,SG G-League","18","12","6","1","5",".500",".000","0","4","25","75","0","9","1.50","5"
"Wenyen Gabriel","MEM","C,PF,SF","17","25","3","2","2",".364",".000","1","8","5","81","0","7","0.38","10"
"JD Davison","BOS","PG,SG","16","10","10","1","1",".417",".750","3","2","8","39","3","2","5.00","4"
"Jordan Walsh","BOS","SF","15","20","5","1","5",".400",".500","2","3","9","83","1","4","1.67","11"
"Greg Brown III","DAL","PF,SF","15","9","4","4","0",".455",".444","1","4","6","40","4","4","1.00","5"
"Alex Fudge","DAL","SF","15","5","0","0","3",".400","1.000","1","2","6","40","2","5","0.00","2"
"DaQuan Jeffries","NYK","SF,SG","14","5","5","1","0",".353",".000","2","3","17","46","0","4","1.67","2"
"Seth Lundy","ATL","SF,SG G-League","14","7","0","0","0",".235",".750","3","1","10","52","3","1","0.00","6"
"D'Moi Hodge","FA","SG FA","14","0","5","1","1",".333",".500","3","1","7","41","1","2","5.00","4"
"Dereon Seabron","NOR","SF,SG","14","7","5","1","2",".308",".833","1","0","6","55","5","3","0.00","4"
"TyTy Washington Jr.","MIL","PG G-League","14","5","5","0","3",".300",".000","2","2","11","56","0","4","2.50","1"
"Jacob Toppin","NYK","SF","13","7","3","1","0",".556","1.000","1","1","9","38","2","4","3.00","3"
"Timmy Allen","MEM","SF","13","17","5","0","4",".261",".500","0","2","5","125","1","6","2.50","18"
"Jordan Miller","LAC","SF TWO-WAY","13","5","0","0","0",".556","1.000","1","1","8","28","2","4","0.00","2"
"Mamadi Diakite","NYK","C,PF","12","4","2","1","1",".667",".667","0","1","6","24","4","4","2.00","2"
"Jason Preston","UTH","PG","12","17","16","1","2",".316",".000","0","2","7","71","0","6","8.00","3"
"Jordan Ford","SAC","PG TWO-WAY","12","2","2","0","0",".571","1.000","2","1","6","22","2","2","2.00","0"
"Maxwell Lewis","LAL","SF","11","4","6","1","2",".191",".667","1","10","34","103","2","3","0.60","5"
"Keyontae Johnson","OKC","SF,SG TWO-WAY","11","10","4","0","1",".313",".000","1","4","9","66","0","4","1.00","5"
"D.J. Carton","TOR","PG","11","4","3","0","1",".375",".800","1","1","4","36","4","2","3.00","3"
"Drew Peterson","BOS","SF TWO-WAY","11","1","1","0","2",".667",".000","3","1","3","23","0","1","1.00","1"
"Henri Drell","CHI","SF","11","4","4","1","2",".400",".500","2","2","4","30","1","2","2.00","6"
"D.J. Wilson","PHI","PF,C","10","2","2","2","0",".667",".000","2","0","2","15","0","2","0.00","1"
"RJ Hampton Jr.","WAS","PG,SG","10","6","8","0","0",".286",".500","1","3","8","76","1","3","2.67","8"
"James Johnson","IND","PF","8","4","8","1","5",".300","1.000","0","5","9","47","2","3","1.60","9"
"Jalen Slawson","SAC","PF,SF TWO-WAY","8","7","2","1","1",".667",".000","0","2","12","37","0","4","1.00","8"
"Isaiah Thomas","PHO","PG","8","0","3","0","0",".300",".000","2","0","6","19","0","1","0.00","0"
"Juan Toscano-Anderson","FA","SF,PF FA","7","14","4","1","1",".250",".000","1","2","11","53","0","2","2.00","11"
"Mason Jones","SAC","SG","7","5","5","0","1",".250",".500","2","2","5","28","1","0","2.50","3"
"Jack White","MEM","PF,SF","6","12","1","1","4",".125",".000","2","2","4","64","0","0","0.50","3"
"Lindell Wigginton","FA","PG,SG FA","6","0","0","0","0",".400","1.000","0","1","3","8","2","2","0.00","1"
"Charlie Brown Jr.","NYK","SF,SG","6","2","0","2","0",".200",".000","2","2","8","37","0","0","0.00","5"
"Frank Ntilikina","FA","PG FA","5","6","4","0","0",".111","1.000","1","1","5","43","2","0","4.00","4"
"Alondes Williams","MIA","PG,SG TWO-WAY","5","1","0","1","0",".250","1.000","0","2","7","16","1","2","0.00","2"
"Izaiah Brockington","NOR","SG","4","2","0","0","0",".400",".000","0","0","1","3","0","2","0.00","0"
"Ty Jerome","CLE","PG,SG OUT","4","1","3","0","0",".500",".000","0","1","2","15","0","2","3.00","2"
"Pat Spencer","GSW","PG,SG TWO-WAY","4","4","5","0","0",".500",".000","0","1","6","26","0","2","5.00","1"
"E.J. Liddell","NOR","PF","4","5","1","2","2",".167","1.000","0","2","8","23","2","1","0.50","2"
"Kevon Harris","ORL","SG G-League","4","2","1","0","0",".667",".000","0","1","2","6","0","2","1.00","3"
"Usman Garuba","GSW","C,PF","3","7","1","3","1",".167",".500","0","2","6","18","1","1","0.50","2"
"Adam Flagler","OKC","SG TWO-WAY","3","0","4","0","0",".143",".000","1","0","2","14","0","0","0.00","0"
"Pete Nance","CLE","PF TWO-WAY","3","3","0","0","1",".167",".000","1","1","8","27","0","0","0.00","2"
"Dariq Whitehead","BKN","SF,SG OUT","3","4","3","1","0",".200",".500","0","0","2","24","1","1","0.00","0"
"Filip Petrusev","FA","PF,C FA","3","1","0","0","0",".500",".500","0","0","3","9","1","1","0.00","1"
"Isaiah Wong","IND","PG,SG G-League","2","0","0","0","0",".333",".000","0","0","1","4","0","1","0.00","0"
"Leonard Miller-DUP","FA","F DUP","2","5","1","0","0","1.000",".000","0","0","3","4","0","1","0.00","1"
"Hamidou Diallo","FA","SG,SF FA","2","2","1","0","2",".500",".000","0","1","2","5","0","1","1.00","1"
"(FA - )","2","2","0","0","0",".200",".000","0","1","1","22","0","1","0.00","2"
"Markquis Nowell","FA","PG,SG FA","2","2","2","0","1",".000","1.000","0","0","1","4","2","0","0.00","0"
"Quenton Jackson","IND","PG,SG TWO-WAY","2","4","2","0","1",".000","1.000","0","0","3","11","2","0","0.00","1"
"Joshua Primo","FA","SG FA","2","1","0","1","0",".333",".000","0","4","2","10","0","1","0.00","0"
"(FA - )","2","1","0","0","0",".250",".000","0","0","1","14","0","1","0.00","1"
"(FA - )","2","1","0","0","0",".250",".000","0","0","1","14","0","1","0.00","1"
"Shaquille Harrison","FA","PG,SG FA","2","2","0","1","0",".500",".000","0","0","3","6","0","1","0.00","0"
"(FA - )","0","0","0","0","0",".000",".000","0","0","0","0","0","0","0.00","0"
"Ricky Rubio","FA","PG,SG RET","0","0","0","0","0",".000",".000","0","0","0","0","0","0","0.00","0"
"(FA - )","0","0","0","0","0",".000",".000","0","0","0","0","0","0","0.00","0"
"(FA - )","0","0","0","0","0",".000",".000","0","0","0","0","0","0","0.00","0"
"(FA - )","0","0","0","0","0",".000",".000","0","0","0","0","0","0","0.00","0"
"(FA - )","0","0","0","0","0",".000",".000","0","0","0","0","0","0","0.00","0"
"(FA - )","0","0","0","0","0",".000",".000","0","0","0","0","0","0","0.00","0"
"(FA - )","0","0","0","0","0",".000",".000","0","0","0","0","0","0","0.00","0"
"(FA - )","0","0","0","0","0",".000",".000","0","0","0","0","0","0","0.00","0"
"(FA - )","0","0","0","0","0",".000",".000","0","0","0","0","0","0","0.00","0"
"(FA - )","0","0","0","0","0",".000",".000","0","0","0","0","0","0","0.00","0"
"Malcolm Hill","NOR","PF,SF,SG TWO-WAY","0","0","0","0","0",".000",".000","0","0","0","0","0","0","0.00","0"
"(FA - )","0","0","0","0","0",".000",".000","0","0","0","0","0","0","0.00","0"
"(FA - )","0","0","0","0","0",".000",".000","0","0","0","0","0","0","0.00","0"
"(FA - )","0","0","0","0","0",".000",".000","0","0","0","0","0","0","0.00","0"
"(FA - )","0","0","0","0","0",".000",".000","0","0","0","0","0","0","0.00","0"
"Justin Lewis","FA","PF FA","0","0","0","0","0",".000",".000","0","0","0","0","0","0","0.00","0"
"Javonte Smart","FA","PG FA","0","0","0","0","0",".000",".000","0","0","1","1","0","0","0.00","0"
"Vlatko Cancar","DEN","PF,SF OUT","0","0","0","0","0",".000",".000","0","0","0","0","0","0","0.00","0"
"Zhaire Smith","FA","SG FA","0","0","0","0","0",".000",".000","0","0","0","0","0","0","0.00","0"
"(FA - )","0","0","0","0","0",".000",".000","0","0","0","0","0","0","0.00","0"
"(FA - )","0","0","0","0","0",".000",".000","0","0","0","0","0","0","0.00","0"
"Dmytro Skapintsev","FA","C FA","0","0","0","0","0",".000",".000","0","0","2","2","0","0","0.00","0"
"Jalen Crutcher","FA","PG FA","0","0","0","0","0",".000",".000","0","0","1","3","0","0","0.00","0"
"Christian Koloko","FA","C FA","0","0","0","0","0",".000",".000","0","0","0","0","0","0","0.00","0"
"Justise Winslow","FA","PF,SF G-League","0","0","0","0","0",".000",".000","0","0","0","0","0","0","0.00","0"
"Miles Norris","FA","PF,SF FA","0","0","0","0","0",".000",".000","0","0","0","0","0","0","0.00","0"
"Kai Jones","LAC","C,PF","0","0","0","0","0",".000",".000","0","0","0","0","0","0","0.00","0"
"Josh Christopher","FA","SG FA","0","0","0","0","0",".000",".000","0","0","0","0","0","0","0.00","0"
"Malcolm Cazalon","FA","SF,SG FA","0","0","0","0","0",".000",".000","0","0","1","3","0","0","0.00","0"
"Sharife Cooper","FA","PG FA","0","0","0","0","0",".000",".000","0","0","0","0","0","0","0.00","0"
"John Butler Jr.","FA","F FA","0","0","0","0","0",".000",".000","0","0","0","0","0","0","0.00","0"
"Steven Adams","HOU","C OUT","0","0","0","0","0",".000",".000","0","0","0","0","0","0","0.00","0"
"Jaylen Martin","BKN","SF,SG TWO-WAY","0","0","0","0","0",".000",".000","0","0","0","0","0","0","0.00","0"
"Kaiser Gates","FA","SF FA","0","1","0","0","0",".000",".000","0","0","1","7","0","0","0.00","0"
"Victor Oladipo","FA","PG,SG FA","0","0","0","0","0",".000",".000","0","0","0","0","0","0","0.00","0"
"(FA - )","0","0","0","0","0",".000",".000","0","0","0","0","0","0","0.00","0"
"Sir'Jabari Rice","FA","PG,SG FA","0","0","0","0","0",".000",".000","0","0","0","0","0","0","0.00","0"
"Charles Bediako","FA","C FA","0","0","0","0","0",".000",".000","0","0","0","0","0","0","0.00","0"
"Ryan Arcidiacono","FA","PG FA","0","8","4","0","2",".000",".000","0","2","20","45","0","0","2.00","5"
"Andrew Funk","CHI","SG TWO-WAY","0","0","0","1","1",".000",".000","0","0","5","13","0","0","0.00","0"
"Lonzo Ball","CHI","PG OUT","0","0","0","0","0",".000",".000","0","0","0","0","0","0","0.00","0"
"Nathan Knight","FA","PF,C FA","0","0","0","0","0",".000",".000","0","0","0","0","0","0","0.00","0"
"Jaylin Galloway","MIL","SF TWO-WAY","0","0","0","0","0",".000",".000","0","0","0","0","0","0","0.00","0"
"Duane Washington Jr.","NYK","PG,SG TWO-WAY","0","0","0","0","0",".000",".000","0","0","0","0","0","0","0.00","0"
"Danny Green","FA","SG,SF FA","0","2","1","0","1",".000",".000","0","0","2","18","0","0","0.00","1"
"(FA - )","0","0","0","0","0",".000",".000","0","0","0","0","0","0","0.00","0"
"(FA - )","0","0","0","0","0",".000",".000","0","0","0","0","0","0","0.00","0"
"Ron Harper Jr.","FA","SF FA","0","0","1","0","0",".000",".000","0","0","1","4","0","0","0.00","2"
"Justin Jackson","FA","SF,PF FA","0","0","0","0","0",".000",".000","0","0","2","1","0","0","0.00","0"
"Damion Lee","PHO","SF,SG OUT","0","0","0","0","0",".000",".000","0","0","0","0","0","0","0.00","0"
"Jaylen Clark","MIN","SG OUT","0","0","0","0","0",".000",".000","0","0","0","0","0","0","0.00","0"
""
""